Narration,Category
ach_ad_rtn_chrg~tpslsip~16ug21~dc2193d~000000160,ACH/NACH BOUNCED
ach_ad_rtn_chrg~lic~30may2~25cf789~956648189,ACH/NACH BOUNCED
ach_ad_rtn_chrg~tpslsip~03ep22~66d4875~000000160,ACH/NACH BOUNCED
ach_ad_rtn_chrg~tpslsip~09ep22~e617ba2~000000160,ACH/NACH BOUNCED
ach_ad_rtn_chrg~ingenot~0jul22~b86bb27~paysense,ACH/NACH BOUNCED
ach_ad_rtn_chrg~ingenot~0sep22~b0ea42b~paysense,ACH/NACH BOUNCED
rtnchg/27012022/rs38170/tp achlendingk/8473123500,ACH/NACH BOUNCED
ach-rt-chg : intellecash microfin,ACH/NACH BOUNCED
ach-rt-chg : visagehldfinplt,ACH/NACH BOUNCED
.ach debit return charges 081121 081121- mir2233560337848,ACH/NACH BOUNCED
.ach debit return charges 230122 230122- mir2203073204901,ACH/NACH BOUNCED
.ach debit return charges 230122 230122- mir2203276113025,ACH/NACH BOUNCED
.ach debit return charges 230222 230222- mir2206749629758,ACH/NACH BOUNCED
.ach debit return charges 230222 230222- mir2207672837921,ACH/NACH BOUNCED
.ach debit return charges 060322 060322- mir2207979995770,ACH/NACH BOUNCED
.ach debit return charges 230322 230322- mir2311530782586,ACH/NACH BOUNCED
.ach debit return charges 230322 230322- mir2314988179693,ACH/NACH BOUNCED
nach return charges for 04-may-2023,ACH/NACH BOUNCED
nach return charges for 02-may-2023,ACH/NACH BOUNCED
nach return charges for 08-may-2023,ACH/NACH BOUNCED
nach return charges for 05-jun-2023,ACH/NACH BOUNCED
nach return charges for 08-jun-2023,ACH/NACH BOUNCED
nach return charges for 02-jun-2023,ACH/NACH BOUNCED
nach return charges for 03-jul-2023,ACH/NACH BOUNCED
.ach debit return charges 080323 080323- cdt2311715496759,ACH/NACH BOUNCED
.ach debit return charges 130318 130318- mir1807919930694,ACH/NACH BOUNCED
.ach debit return charges 070418 070418- mir1810554584367,ACH/NACH BOUNCED
.ach debit return charges 050622 050622- mir2320704538970,ACH/NACH BOUNCED
.ach debit return charges 050722 050722- mir2323256512924,ACH/NACH BOUNCED
.ach debit return charges 090722 090722- mir2323050341256,ACH/NACH BOUNCED
.ach debit return charges 050722 050722- mir2322846951829,ACH/NACH BOUNCED
.ach debit return charges 270422 270422- mir2316919343559,ACH/NACH BOUNCED
.ach debit return charges 050522 050522- mir2318256004916,ACH/NACH BOUNCED
.ach debit return charges 151021 151021- mir2230288655356,ACH/NACH BOUNCED
.ach debit return charges 151021 151021- mir2229779276084,ACH/NACH BOUNCED
nach:rtn:chrg:26.02.2021,ACH/NACH BOUNCED
.ach debit return charges 121121 121121- mir2233560997142,ACH/NACH BOUNCED
.ach debit return charges 121121 121121- mir2232955032442,ACH/NACH BOUNCED
cgst ach ecs rtn chrg o/s cgstpay,ACH/NACH BOUNCED
ach ecs rtn chrg o/s,ACH/NACH BOUNCED
"ach rtn :1575398279 22/08/2019        3,979.00",ACH/NACH BOUNCED
.ach debit return charges 150921 150921- mir2226208957481,ACH/NACH BOUNCED
.ach debit return charges 050921 050921- mir2226104762157,ACH/NACH BOUNCED
.ach debit return charges 050921 050921- mir2225798195493,ACH/NACH BOUNCED
.ach debit return charges 030921 030921- mir2225798199956,ACH/NACH BOUNCED
.ach debit return charges 050921 050921- mir2225593063571,ACH/NACH BOUNCED
.ach debit return charges 030921 030921- mir2225592270370,ACH/NACH BOUNCED
nach rtn chg: 05102021: bkid0000000008481383,ACH/NACH BOUNCED
nach rtn chrg:20210605,ACH/NACH BOUNCED
nach rtn chrg:20210610,ACH/NACH BOUNCED
nach rtn chg: 16092021: bkid0000000008481383,ACH/NACH BOUNCED
rev:nach rtn chrg:2021060 8,ACH/NACH BOUNCED
rev:nach rtn chrg:2021060 5,ACH/NACH BOUNCED
rev:nach rtn chrg:2021061 0,ACH/NACH BOUNCED
nach rtn chrg:20210608,ACH/NACH BOUNCED
nach rtn chg: 10082021: bkid0000000008481383,ACH/NACH BOUNCED
.ach debit return charges 190821 190821- mir2223867175368,ACH/NACH BOUNCED
.ach debit return charges 190821 190821- mir2223663394136,ACH/NACH BOUNCED
.ach debit return charges 190821 190821- mir2223561591528,ACH/NACH BOUNCED
.ach debit return charges 190821 190821- mir2223459141520,ACH/NACH BOUNCED
.ach debit return charges 120821 120821- mir2223051524288,ACH/NACH BOUNCED
.ach debit return charges 120821 120821- mir2223051524281,ACH/NACH BOUNCED
.ach debit return charges 100821 100821- mir2223051500870,ACH/NACH BOUNCED
.ach debit return charges 050821 050821- mir2223051573073,ACH/NACH BOUNCED
.ach debit return charges 050821 050821- mir2222742690685,ACH/NACH BOUNCED
.ach debit return charges 310721 310721- mir2222333475000,ACH/NACH BOUNCED
.ach debit return charges 310721 310721- mir2221924727740,ACH/NACH BOUNCED
.ach debit return charges 200721 200721- mir2221015385895,ACH/NACH BOUNCED
.ach debit return charges 200721 200721- mir2120607963515,ACH/NACH BOUNCED
.ach debit return charges 120721 120721- mir2119977184424,ACH/NACH BOUNCED
.ach debit return charges 080721 080721- mir2119874414233,ACH/NACH BOUNCED
.ach debit return charges 030721 030721- mir2119874359756,ACH/NACH BOUNCED
.ach debit return charges 080721 080721- mir2119364959335,ACH/NACH BOUNCED
.ach debit return charges 030721 030721- mir2119161821683,ACH/NACH BOUNCED
.ach debit return charges 300621 300621- mir2118750764478,ACH/NACH BOUNCED
.ach debit return charges 160621 160621- mir2117637777634,ACH/NACH BOUNCED
.ach debit return charges 150621 150621- mir2117637737723,ACH/NACH BOUNCED
.ach debit return charges 150621 150621- mir2117333084947,ACH/NACH BOUNCED
.ach debit return charges 070621 070621- mir2116520746295,ACH/NACH BOUNCED
.ach debit return charges 070621 070621- mir2116315547223,ACH/NACH BOUNCED
.ach debit return charges 030522 030522- mir2318052337949,ACH/NACH BOUNCED
.ach debit return charges 030622 030622- mir2320603101464,ACH/NACH BOUNCED
.ach debit return charges 030622 030622- mir2321416884891,ACH/NACH BOUNCED
.ach debit return charges 060722 060722- mir2322847706544,ACH/NACH BOUNCED
.ach debit return charges 130722 130722- mir2323154228716,ACH/NACH BOUNCED
.ach debit return charges 130722 130722- mir2323256758901,ACH/NACH BOUNCED
nach return charges for 16-aug-2022,ACH/NACH BOUNCED
.ach debit return charges 030622 030622- mir2320603139619,ACH/NACH BOUNCED
.ach debit return charges 030422 030422- mir2315595875968,ACH/NACH BOUNCED
.ach debit return charges 280422 280422- mir2317019942319,ACH/NACH BOUNCED
.ach debit return charges 020622 020622- mir2320502451192,ACH/NACH BOUNCED
.ach debit return charges 200622 200622- mir2321521686246,ACH/NACH BOUNCED
.ach debit return charges 100722 100722- mir2323051932453,ACH/NACH BOUNCED
.ach debit return charges 100722 100722- mir2323051932447,ACH/NACH BOUNCED
.ach debit return charges 070822 070822- mir2325490433332,ACH/NACH BOUNCED
.ach debit return charges 160722 160722- mir2323358947681,ACH/NACH BOUNCED
.ach debit return charges 160722 160722- mir2323664913233,ACH/NACH BOUNCED
.ach debit return charges 010822 010822- mir2325286400921,ACH/NACH BOUNCED
withdrawal transfer ach debit rtn chgs 03082022:idib7010501220 transfer to 96285011649,ACH/NACH BOUNCED
withdrawal transfer ach debit rtn chgs 20082022:idib0000000005 transfer to 96285011649,ACH/NACH BOUNCED
withdrawal transfer ach debit rtn chgs 09092022:idib7010501220 transfer to 96285011649,ACH/NACH BOUNCED
ach-rt-chg : ctrazorpay,ACH/NACH BOUNCED
.ach debit return charges 160422 160422- mir2316205006398,ACH/NACH BOUNCED
.ach debit return charges 160622 160622- mir2321315484608,ACH/NACH BOUNCED
.ach debit return charges 010622 010622- mir2321417391779,ACH/NACH BOUNCED
.ach debit return charges 010622 010622- mir2321417391787,ACH/NACH BOUNCED
.ach debit return charges 020622 020622- mir2321417475883,ACH/NACH BOUNCED
.ach debit return charges 060622 060622- mir2321416953433,ACH/NACH BOUNCED
.ach debit return charges 070622 070622- mir2321416653003,ACH/NACH BOUNCED
.ach debit return charges 310722 310722- mir2324774590537,ACH/NACH BOUNCED
.ach debit return charges 010822 010822- mir2325286179063,ACH/NACH BOUNCED
.ach debit return charges 010822 010822- mir2325286179056,ACH/NACH BOUNCED
.ach debit return charges 120822 120822- mir2325694014838,ACH/NACH BOUNCED
.ach debit return charges 100522 100522- mir2318561342843,ACH/NACH BOUNCED
.ach debit return charges 100522 100522- mir2318561320696,ACH/NACH BOUNCED
lien marking for nach return charge_lien_rev,ACH/NACH BOUNCED
ach-rt-chg : bajaj finance ltd,ACH/NACH BOUNCED
nach_ad_rtn_chrg~cams~03mar22~6dd1145~icici pruden 0,ACH/NACH BOUNCED
nach_ad_rtn_chrg~hdbfin~06apr22~8d2da25~11545725 0,ACH/NACH BOUNCED
nach_ad_rtn_chrg~hdbfin~04apr22~5db4a36~11545725 0,ACH/NACH BOUNCED
nach_ad_rtn_chrg~hdbfin~21apr22~87a6538~11545725 0,ACH/NACH BOUNCED
nach_ad_rtn_chrg~cams~04apr22~b438534~icici pruden 0,ACH/NACH BOUNCED
nach_ad_rtn_chrg~hdbfin~08apr22~be61fef~11545725 0,ACH/NACH BOUNCED
nach_ad_rtn_chrg~cams~03mar22~6dd1145~icici pruden,ACH/NACH BOUNCED
nach_ad_rtn_chrg~cams~03may22~6413eb2~icici pruden,ACH/NACH BOUNCED
nach_ad_rtn_chrg~hdbfin~20may22~2ff230f~11545725,ACH/NACH BOUNCED
nach_ad_rtn_chrg~hdbfin~17jun22~ceb8395~11545725 0,ACH/NACH BOUNCED
nach_ad_rtn_chrg~hdbfin~17jun22~ceb8395~11545725,ACH/NACH BOUNCED
nach_ad_rtn_chrg~cams~03aug22~805d34a~icici pruden 0,ACH/NACH BOUNCED
.ach debit return charges 080722 080722- mir2322950094722,ACH/NACH BOUNCED
.ach debit return charges 130722 130722- mir2323153845164,ACH/NACH BOUNCED
.ach debit return charges 300722 300722- mir2324472480965,ACH/NACH BOUNCED
.ach debit return charges 300722 300722- mir2325182771614,ACH/NACH BOUNCED
.ach debit return charges 010422 010422- mir2316610115684,ACH/NACH BOUNCED
.ach debit return charges 050422 050422- mir2316610195195,ACH/NACH BOUNCED
.ach debit return charges 060422 060422- mir2316711800866,ACH/NACH BOUNCED
.ach debit return charges 110422 110422- mir2316711805250,ACH/NACH BOUNCED
.ach debit return charges 120422 120422- mir2316711422686,ACH/NACH BOUNCED
.ach debit return charges 260422 260422- mir2316817109242,ACH/NACH BOUNCED
.ach debit return charges 010522 020522- mir2317951158520,ACH/NACH BOUNCED
.ach debit return charges 260422 260422- mir2318257117720,ACH/NACH BOUNCED
.ach debit return charges 070522 070522- mir2318459673075,ACH/NACH BOUNCED
.ach debit return charges 120522 120522- mir2318662627285,ACH/NACH BOUNCED
.ach debit return charges 160522 160522- mir2318865021875,ACH/NACH BOUNCED
.ach debit return charges 230522 230522- mir2319268872937,ACH/NACH BOUNCED
.ach debit return charges 260522 260522- mir2319370275388,ACH/NACH BOUNCED
.ach debit return charges 260522 260522- mir2319370275379,ACH/NACH BOUNCED
.ach debit return charges 010622 010622- mir2320501573105,ACH/NACH BOUNCED
.ach debit return charges 160622 160622- mir2321315658769,ACH/NACH BOUNCED
.ach debit return charges 010622 010622- mir2321417432921,ACH/NACH BOUNCED
.ach debit return charges 070622 070622- mir2321417174122,ACH/NACH BOUNCED
.ach debit return charges 230622 230622- mir2321623640732,ACH/NACH BOUNCED
.ach debit return charges 270622 270622- mir2321826197797,ACH/NACH BOUNCED
.ach debit return charges 260622 260622- mir2321725038025,ACH/NACH BOUNCED
.ach debit return charges 260622 260622- mir2321725038030,ACH/NACH BOUNCED
.ach debit return charges 160622 160622- mir2322641494647,ACH/NACH BOUNCED
.ach debit return charges 230622 230622- mir2322641080884,ACH/NACH BOUNCED
.ach debit return charges 260722 260722- mir2324168728767,ACH/NACH BOUNCED
.ach debit return charges 260722 260722- mir2324168728810,ACH/NACH BOUNCED
.ach debit return charges 110822 110822- mir2325692910266,ACH/NACH BOUNCED
.ach debit return charges 040422 040422- mir2315696612249,ACH/NACH BOUNCED
.ach debit return charges 180422 180422- mir2316406903811,ACH/NACH BOUNCED
.ach debit return charges 260422 260422- mir2316818005468,ACH/NACH BOUNCED
.ach debit return charges 300422 020522- mir2317950894331,ACH/NACH BOUNCED
.ach debit return charges 070522 070522- mir2318459738938,ACH/NACH BOUNCED
.ach debit return charges 070522 070522- mir2318459738929,ACH/NACH BOUNCED
.ach debit return charges 130522 130522- mir2318762976639,ACH/NACH BOUNCED
.ach debit return charges 200522 200522- mir2319167523714,ACH/NACH BOUNCED
.ach debit return charges 310522 310522- mir2320390023608,ACH/NACH BOUNCED
nach_ad_rtn_chrg~ingenot~05jul22~6b22353~tata capi,ACH/NACH BOUNCED
.ach debit return charges 050622 050622- mir2320704065939,ACH/NACH BOUNCED
.ach debit return charges 050921 050921- mir2225592882376,ACH/NACH BOUNCED
.ach debit return charges 050722 050722- mir2322846995479,ACH/NACH BOUNCED
.ach debit return charges 090722 090722- mir2323256606123,ACH/NACH BOUNCED
.ach debit return charges 020722 020722- mir2325182296059,ACH/NACH BOUNCED
.ach debit return charges 020722 020722- mir2325182296047,ACH/NACH BOUNCED
.ach debit return charges 050722 050722- mir2325182048725,ACH/NACH BOUNCED
.ach debit return charges 050722 050722- mir2325182014950,ACH/NACH BOUNCED
.ach debit return charges 050722 050722- mir2325182196238,ACH/NACH BOUNCED
.ach debit return charges 090722 090722- mir2325181591524,ACH/NACH BOUNCED
.ach debit return charges 100722 100722- mir2325182185884,ACH/NACH BOUNCED
.ach debit return charges 110722 110722- mir2325182336079,ACH/NACH BOUNCED
.ach debit return charges 120722 120722- mir2325182301980,ACH/NACH BOUNCED
.ach debit return charges 160722 160722- mir2325182291371,ACH/NACH BOUNCED
.ach debit return charges 020822 020822- mir2325387392482,ACH/NACH BOUNCED
.ach debit return charges 030622 030622- mir2320602876427,ACH/NACH BOUNCED
.ach debit return charges 030622 030622- mir2321417708430,ACH/NACH BOUNCED
.ach debit return charges 030722 030722- mir2322744971470,ACH/NACH BOUNCED
.ach debit return charges 030722 030722- mir2325183043770,ACH/NACH BOUNCED
.ach debit return charges 010522 020522- mir2317950975873,ACH/NACH BOUNCED
.ach debit return charges 010522 020522- mir2318257403928,ACH/NACH BOUNCED
.ach debit return charges 010522 020522- mir2319674053318,ACH/NACH BOUNCED
.ach debit return charges 010622 010622- mir2320501711959,ACH/NACH BOUNCED
.ach debit return charges 010622 010622- mir2321418436985,ACH/NACH BOUNCED
.ach debit return charges 010822 010822- mir2325286042543,ACH/NACH BOUNCED
.ach debit return charges 080822 080822- mir2325590598880,ACH/NACH BOUNCED
withdrawaltransfer achdebit rtn chgs05072022:idib0000000007transfer to96285011649,ACH/NACH BOUNCED
withdrawaltransfer achdebit rtn chgs05072022:idib7011402220transfer to96285011649,ACH/NACH BOUNCED
withdrawaltransfer achdebit rtn chgs09072022:idib0000000007transfer to96285011649,ACH/NACH BOUNCED
withdrawaltransfer achdebit rtn chgs10072022:idib0000000007transfer to96285011649,ACH/NACH BOUNCED
withdrawaltransfer achdebit rtn chgs10072022:idib0000000004transfer to96285011649,ACH/NACH BOUNCED
withdrawaltransfer achdebit rtn chgs28072022:idib0000000004transfer to96285011649,ACH/NACH BOUNCED
withdrawaltransfer achdebit rtn chgs31072022:idib0000000004transfer to96285011649,ACH/NACH BOUNCED
withdrawaltransfer achdebit rtn chgs06082022:idib0000000004transfer to96285011649,ACH/NACH BOUNCED
withdrawaltransfer achdebit rtn chgs10082022:idib0000000007transfer to96285011649,ACH/NACH BOUNCED
withdrawaltransfer achdebit rtn chgs10082022:idib7010507220transfer to96285011649,ACH/NACH BOUNCED
withdrawaltransfer achdebit rtn chgs10082022:idib0000000004transfer to96285011649,ACH/NACH BOUNCED
withdrawaltransfer achdebit rtn chgs28082022:idib0000000004transfer to96285011649,ACH/NACH BOUNCED
nach_ad_rtn_chrg~of bnkbflo~02aug22~43b52d4~11514,ACH/NACH BOUNCED
.ach debit return charges 060822 060822- mir2325490116384,ACH/NACH BOUNCED
.ach debit return charges 070722 070722- mir2322949412869,ACH/NACH BOUNCED
.ach debit return charges 070722 070722- mir2323257356898,ACH/NACH BOUNCED
nach_ad_rtn_chrg~of bnkbflf~04jul22~b9eb361~icic7 0,ACH/NACH BOUNCED
nach_ad_rtn_chrg~of bnkbflf~02jul22~de5b88e~icic7,ACH/NACH BOUNCED
nach_ad_rtn_chrg~of bnkbflf~06jul22~bbc7e75~icic7,ACH/NACH BOUNCED
.ach debit return charges 050722 050722- mir2322846752453,ACH/NACH BOUNCED
.ach debit return charges 090722 090722- mir2323050701634,ACH/NACH BOUNCED
.ach debit return charges 090722 090722- mir2323257043693,ACH/NACH BOUNCED
.ach debit return charges 090722 090722- mir2323664448860 mir2323664448860,ACH/NACH BOUNCED
.ach debit return charges 300722 300722- mir2324472790449,ACH/NACH BOUNCED
.ach debit return charges 300722 300722- mir2325999745557,ACH/NACH BOUNCED
.ach debit return charges 010722 010722- mir2322743205390,ACH/NACH BOUNCED
nach rtn chg: 05062021: bkid0000000007797238,ACH/NACH BOUNCED
nach rtn chg: 11062021: bkid0000000007797238,ACH/NACH BOUNCED
nach rtn chg: 05112021: bkid0000000007797238,ACH/NACH BOUNCED
nach rtn chg: 05112021: bkid0000000007291709,ACH/NACH BOUNCED
nach rtn chg: 05042022: bkid0000000007797238,ACH/NACH BOUNCED
nach rtn chg: 10052022: bkid0000000007711490,ACH/NACH BOUNCED
nach rtn chg: 12072022: bkid0000000007291709,ACH/NACH BOUNCED
.ach debit return charges 050722 050722- cdt2221810525481,ACH/NACH BOUNCED
.ach debit return charges 230722 230722- mir2324067649747,ACH/NACH BOUNCED
ach-rtn-chrg-4451175565,ACH/NACH BOUNCED
ach-rtn-chrg-4459370535,ACH/NACH BOUNCED
ach-rtn-chrg-4459226819,ACH/NACH BOUNCED
nach return charges for 16-a ug  ,ACH/NACH BOUNCED
** **nach return charges for 10-jun-,ACH/NACH BOUNCED
.ach debit return charges 020522 020522- mir2317950210230,ACH/NACH BOUNCED
.ach debit return charges 020522 020522- mir2318257652091,ACH/NACH BOUNCED
.ach debit return charges 020522 020522- mir2319675204632,ACH/NACH BOUNCED
.ach debit return charges 050422 050422- mir2315696977355,ACH/NACH BOUNCED
.ach debit return charges 050422 050422- mir2316610316195,ACH/NACH BOUNCED
.ach debit return charges 110422 110422- mir2316611151738,ACH/NACH BOUNCED
.ach debit return charges 210422 260422- mir2316817840235,ACH/NACH BOUNCED
.ach debit return charges 210422 260422- mir2317532771471,ACH/NACH BOUNCED
.ach debit return charges 050522 050522- mir2318255544517,ACH/NACH BOUNCED
.ach debit return charges 200522 200522- mir2320496819066,ACH/NACH BOUNCED
.ach debit return charges 030622 030622- mir2320602978422,ACH/NACH BOUNCED
.ach debit return charges 030622 030622- mir2321416738159,ACH/NACH BOUNCED
.ach debit return charges 210622 210622- mir2321522006123,ACH/NACH BOUNCED
.ach debit return charges 210622 210622- mir2322639448219,ACH/NACH BOUNCED
.ach debit return charges 030722 030722- mir2322745214879,ACH/NACH BOUNCED
.ach debit return charges 030722 030722- mir2323255869506,ACH/NACH BOUNCED
.ach debit return charges 220722 220722- mir2324067389968,ACH/NACH BOUNCED
.ach debit return charges 030822 030822- mir2325388052604,ACH/NACH BOUNCED
.ach debit return charges 050822 050822- mir2325489302982,ACH/NACH BOUNCED
.ach debit return charges 130822 130822- mir2325694506888,ACH/NACH BOUNCED
chhindwara ach-rtn-chrg-2770614473,ACH/NACH BOUNCED
chhindwara ach-rtn-chrg-1991550686,ACH/NACH BOUNCED
chhindwara ach-rtn-chrg-3645663478,ACH/NACH BOUNCED
ach-rt-chg : mm fin ser ltd.,ACH/NACH BOUNCED
.ach debit return charges 070422 070422- mir2315798621038,ACH/NACH BOUNCED
.ach debit return charges 070422 070422- mir2315798621013,ACH/NACH BOUNCED
.ach debit return charges 070422 070422- mir2316712327421,ACH/NACH BOUNCED
.ach debit return charges 070422 070422- mir2316712314579,ACH/NACH BOUNCED
.ach debit return charges 070422 070422- mir2316712354540,ACH/NACH BOUNCED
.ach debit return charges 230422 260422- mir2316817246051,ACH/NACH BOUNCED
.ach debit return charges 010622 010622- mir2320501640338,ACH/NACH BOUNCED
.ach debit return charges 050622 050622- mir2320704487267,ACH/NACH BOUNCED
.ach debit return charges 230622 230622- mir2321623423996,ACH/NACH BOUNCED
.ach debit return charges 050722 050722- mir2322846681280,ACH/NACH BOUNCED
.ach debit return charges 050722 050722- mir2323256620553,ACH/NACH BOUNCED
.ach debit return charges 230722 230722- mir2324067855671,ACH/NACH BOUNCED
.ach debit return charges 280722 280722- mir2324370533250,ACH/NACH BOUNCED
.ach debit return charges 210822 210822- mir2326108037160,ACH/NACH BOUNCED
.ach debit return charges 020422 020422- mir2315291436309,ACH/NACH BOUNCED
.ach debit return charges 050422 050422- mir2315697004261,ACH/NACH BOUNCED
.ach debit return charges 120422 120422- mir2315902368802,ACH/NACH BOUNCED
.ach debit return charges 120422 120422- mir2316711467232,ACH/NACH BOUNCED
.ach debit return charges 020522 020522- mir2318257658622,ACH/NACH BOUNCED
.ach debit return charges 020622 020622- mir2321417708260,ACH/NACH BOUNCED
.ach debit return charges 230622 230622- mir2321623495405,ACH/NACH BOUNCED
.ach debit return charges 230622 230622- mir2322638558502,ACH/NACH BOUNCED
.ach debit return charges 020722 020722- mir2322744376395,ACH/NACH BOUNCED
.ach debit return charges 140722 140722- mir2323255360601,ACH/NACH BOUNCED
.ach debit return charges 200722 200722- mir2323663547746,ACH/NACH BOUNCED
ach-rt-chg : aditya birla fin ltd,ACH/NACH BOUNCED
.ach debit return charges 100822 100822- mir2325592174723,ACH/NACH BOUNCED
.ach debit return charges 050422 050422- mir2315697405069,ACH/NACH BOUNCED
.ach debit return charges 050722 050722- mir2322846925127,ACH/NACH BOUNCED
.ach debit return charges 090722 090722- mir2323050595458,ACH/NACH BOUNCED
ach-rt-chg : cashfree payments in,ACH/NACH BOUNCED
ach-rt-chg : tpcapfrst idfc first,ACH/NACH BOUNCED
.ach debit return charges 110722 110722- mir2323052327315,ACH/NACH BOUNCED
.ach debit return charges 050522 050522- mir2318255777147,ACH/NACH BOUNCED
.ach debit return charges 050622 050622- mir2320704123221,ACH/NACH BOUNCED
.ach debit return charges 050622 050622- mir2321416966235,ACH/NACH BOUNCED
.ach debit return charges 050622 050622- mir2322639154920,ACH/NACH BOUNCED
.ach debit return charges 180622 180622- mir2322637491262,ACH/NACH BOUNCED
.ach debit return charges 180722 180722- mir2323561634092,ACH/NACH BOUNCED
.ach debit return charges 180722 180722- mir2323664721983,ACH/NACH BOUNCED
.ach debit return charges 030322 030322- mir2207877581299,ACH/NACH BOUNCED
.ach debit return charges 120322 120322- mir2208284691528,ACH/NACH BOUNCED
nach_ad_rtn_chrg~adbldesk~02aug21~58c75d3~dmifinb_ 0,ACH/NACH BOUNCED
nach_ad_rtn_chrg~adbldesk~07sep21~5f6b6fc~dmifinb_,ACH/NACH BOUNCED
nach_ad_rtn_chrg~adbldesk~10aug21~037ebb4~dmifinb_ 0,ACH/NACH BOUNCED
.ach debit return charges 110822 110822- mir2325900559226,ACH/NACH BOUNCED
.ach debit return charges 120822 120822- mir2325900682933,ACH/NACH BOUNCED
.ach debit return charges 140822 140822- mir2325900877634,ACH/NACH BOUNCED
lien marking for nach return charge_lien_rev,ACH/NACH BOUNCED
ach-rt-chg : huey tech pvt ltd,ACH/NACH BOUNCED
ach-rt-chg : tp ach paysenseser,ACH/NACH BOUNCED
ach-rt-chg : money view,ACH/NACH BOUNCED
ach-rt-chg : tp ach zedleafin,ACH/NACH BOUNCED
ach-rt-chg : amros emi payment,ACH/NACH BOUNCED
.ach debit return charges 040622 040622- mir2320703610189,ACH/NACH BOUNCED
.ach debit return charges 070722 070722- mir2322949311272,ACH/NACH BOUNCED
.ach debit return charges 040822 040822- mir2325388501122,ACH/NACH BOUNCED
.ach debit return charges 040822 040822- mir2325388501159,ACH/NACH BOUNCED
.ach debit return charges 050822 050822- mir2325489440729,ACH/NACH BOUNCED
.ach debit return charges 070822 070822- mir2325490493939,ACH/NACH BOUNCED
** **nach return charges for 05-sep-,ACH/NACH BOUNCED
.ach debit return charges 020522 020522- mir2317950789157,ACH/NACH BOUNCED
.ach debit return charges 030822 030822- mir2325388115154,ACH/NACH BOUNCED
.ach debit return charges 030822 030822- mir2325387908302,ACH/NACH BOUNCED
.ach debit return charges 030822 030822- mir2325999555486,ACH/NACH BOUNCED
.ach debit return charges 060822 060822- mir2325999381869,ACH/NACH BOUNCED
.ach debit return charges 060822 060822- mir2327224956868,ACH/NACH BOUNCED
.ach debit return charges 010922 010922- mir2327329311551,ACH/NACH BOUNCED
.ach debit return charges 050822 050822- mir2325489729422,ACH/NACH BOUNCED
.ach debit return charges 050822 050822- mir2327225272546,ACH/NACH BOUNCED
.ach debit return charges 050822 050822- mir2327225272556,ACH/NACH BOUNCED
.ach debit return charges 130822 130822- mir2327225272573,ACH/NACH BOUNCED
.ach debit return charges 060722 060722- mir2322847928656,ACH/NACH BOUNCED
.ach debit return charges 080722 080722- mir2322949995586,ACH/NACH BOUNCED
.ach debit return charges 060722 060722- mir2323256800234,ACH/NACH BOUNCED
.ach debit return charges 080722 080722- mir2323256688648,ACH/NACH BOUNCED
.ach debit return charges 190822 190822- mir2326005779546,ACH/NACH BOUNCED
.ach debit return charges 190822 190822- mir2327224887608,ACH/NACH BOUNCED
.ach debit return charges 030922 030922- mir2327432160917,ACH/NACH BOUNCED
.ach debit return charges 040922 040922- mir2327433042836,ACH/NACH BOUNCED
.ach debit return charges 050922 050922- mir2327533414249,ACH/NACH BOUNCED
.ach debit return charges 020822 020822- mir2325386993452,ACH/NACH BOUNCED
.ach debit return charges 020822 020822- mir2325999210089,ACH/NACH BOUNCED
.ach debit return charges 010922 010922- mir2327329358595,ACH/NACH BOUNCED
.ach debit return charges 010822 010822- mir2325286190114,ACH/NACH BOUNCED
.ach debit return charges 020822 020822- mir2325387338882,ACH/NACH BOUNCED
.ach debit return charges 030822 030822- mir2325388122210,ACH/NACH BOUNCED
.ach debit return charges 050822 050822- mir2325489262462,ACH/NACH BOUNCED
.ach debit return charges 100822 100822- mir2325900653687,ACH/NACH BOUNCED
.ach debit return charges 100822 100822- mir2327223969459,ACH/NACH BOUNCED
ach-rt-chg : tp ach raysonienterp,ACH/NACH BOUNCED
ach-rtn-chrg-2857196661,ACH/NACH BOUNCED
ach-rtn-chrg-3710895742,ACH/NACH BOUNCED
ach-rtn-chrg-4527084473,ACH/NACH BOUNCED
ach-rtn-chrg-4530019684,ACH/NACH BOUNCED
.ach debit return charges 240722 240722- mir2324068045197,ACH/NACH BOUNCED
.ach debit return charges 280722 280722- mir2324370350273,ACH/NACH BOUNCED
.ach debit return charges 240722 240722- mir2325181034725,ACH/NACH BOUNCED
.ach debit return charges 280722 280722- mir2325181126238,ACH/NACH BOUNCED
.ach debit return charges 020822 020822- mir2325386886688,ACH/NACH BOUNCED
.ach debit return charges 070822 070822- mir2325490551284,ACH/NACH BOUNCED
.ach debit return charges 020822 020822- mir2325900939483,ACH/NACH BOUNCED
.ach debit return charges 070822 070822- mir2325900071432,ACH/NACH BOUNCED
.ach debit return charges 100822 100822- mir2325900216774,ACH/NACH BOUNCED
.ach debit return charges 100822 100822- mir2325900216722,ACH/NACH BOUNCED
.ach debit return charges 050922 050922- mir2327533450312,ACH/NACH BOUNCED
.ach debit return charges 220722 220722- mir2324067483671,ACH/NACH BOUNCED
.ach debit return charges 220722 220722- mir2325181338139,ACH/NACH BOUNCED
.ach debit return charges 030822 030822- mir2325387772172,ACH/NACH BOUNCED
.ach debit return charges 050822 050822- mir2325489078207,ACH/NACH BOUNCED
.ach debit return charges 050822 050822- mir2325489078218,ACH/NACH BOUNCED
.ach debit return charges 050822 050822- mir2325999756712,ACH/NACH BOUNCED
.ach debit return charges 160822 160822- mir2325999773112,ACH/NACH BOUNCED
.ach debit return charges 220822 220822- mir2326108147297,ACH/NACH BOUNCED
.ach debit return charges 030922 030922- mir2327432453726,ACH/NACH BOUNCED
.ach debit return charges 050922 050922- mir2327533837321,ACH/NACH BOUNCED
.ach debit return charges 170822 170822- mir2325898494837,ACH/NACH BOUNCED
lien marking for nach return charge_lien_rev  ,ACH/NACH BOUNCED
ach-rt-chg : huey tech pvt ltd  ,ACH/NACH BOUNCED
ach-rt-chg : ctrazorpay  ,ACH/NACH BOUNCED
.ach debit return charges 010922 010922- mir2327329392247,ACH/NACH BOUNCED
.ach debit return charges 060522 060522- mir2318359085013,ACH/NACH BOUNCED
.ach debit return charges 020622 020622- mir2320502108816,ACH/NACH BOUNCED
.ach debit return charges 020622 020622- mir2321417819086,ACH/NACH BOUNCED
.ach debit return charges 030622 030622- mir2321417682082,ACH/NACH BOUNCED
.ach debit return charges 050622 050622- mir2321417940746,ACH/NACH BOUNCED
.ach debit return charges 050622 050622- mir2321417926711,ACH/NACH BOUNCED
.ach debit return charges 050822 050822- mir2325489179084,ACH/NACH BOUNCED
.ach debit return charges 090822 090822- mir2325591672311,ACH/NACH BOUNCED
.ach debit return charges 080422 080422- mir2315899928152,ACH/NACH BOUNCED
.ach debit return charges 060722 060722- mir2322847751202,ACH/NACH BOUNCED
.ach debit return charges 310822 310822- mir2326717482756,ACH/NACH BOUNCED
.ach debit return charges 050922 050922- mir2327533507657,ACH/NACH BOUNCED
.ach debit return charges 300522 300522- mir2319781051924,ACH/NACH BOUNCED
.ach debit return charges 300522 300522- mir2320497858601,ACH/NACH BOUNCED
.ach debit return charges 100722 100722- mir2323051978581,ACH/NACH BOUNCED
.ach debit return charges 310722 310722- mir2324774584544,ACH/NACH BOUNCED
.ach debit return charges 310722 310722- mir2325181718690,ACH/NACH BOUNCED
.ach debit return charges 100822 100822- mir2325592101786,ACH/NACH BOUNCED
.ach debit return charges 100822 100822- mir2325900475463,ACH/NACH BOUNCED
.ach debit return charges 310722 310722- mir2325999453551,ACH/NACH BOUNCED
.ach debit return charges 170822 170822- mir2327223127792,ACH/NACH BOUNCED
.ach debit return charges 170822 170822- mir2327837365034,ACH/NACH BOUNCED
.ach debit return charges 290722 290722- mir2324471703371,ACH/NACH BOUNCED
.ach debit return charges 260622 260622- mir2325080266318,ACH/NACH BOUNCED
.ach debit return charges 030822 030822- mir2325387769341,ACH/NACH BOUNCED
.ach debit return charges 050822 050822- mir2325489349002,ACH/NACH BOUNCED
.ach debit return charges 270622 270622- mir2325900486152,ACH/NACH BOUNCED
.ach debit return charges 290722 290722- mir2325900670867,ACH/NACH BOUNCED
.ach debit return charges 270822 270822- mir2326312048488,ACH/NACH BOUNCED
.ach debit return charges 030822 030822- mir2327226232907,ACH/NACH BOUNCED
.ach debit return charges 050822 050822- mir2327226203675,ACH/NACH BOUNCED
.ach debit return charges 060822 060822- mir2327226350583,ACH/NACH BOUNCED
.ach debit return charges 030922 030922- mir2327432576859,ACH/NACH BOUNCED
 ach-rt-chg : cashfree payments in   ,ACH/NACH BOUNCED
 ach-rt-chg : tp ach megmasoft   ,ACH/NACH BOUNCED
.ach debit return charges 210822 210822- mir2326107934038,ACH/NACH BOUNCED
.ach debit return charges 210822 210822- mir2327224835386,ACH/NACH BOUNCED
.ach debit return charges 040522 040522- mir2318257071380,ACH/NACH BOUNCED
.ach debit return charges 130522 130522- mir2318763596942,ACH/NACH BOUNCED
.ach debit return charges 010522 020522- mir2319675223811,ACH/NACH BOUNCED
.ach debit return charges 040522 040522- mir2319674899953,ACH/NACH BOUNCED
.ach debit return charges 270622 270622- mir2321826166067,ACH/NACH BOUNCED
.ach debit return charges 050722 050722- mir2322847132143,ACH/NACH BOUNCED
.ach debit return charges 070922 070922- mir2327635308190,ACH/NACH BOUNCED
nach_ad_rtn_chrg~ingenot~05jul22~a8b4cd5~tatacapi,ACH/NACH BOUNCED
.ach debit return charges 160722 160722- mir2323359153723,ACH/NACH BOUNCED
.ach debit return charges 160822 160822- mir2325796768280,ACH/NACH BOUNCED
ach-rt-chg : bajaj finance ltd  ,ACH/NACH BOUNCED
.ach debit return charges 070722 070722- mir2322949124790,ACH/NACH BOUNCED
.ach debit return charges 100922 100922- mir2327842676274,ACH/NACH BOUNCED
.ach debit return charges 070622 070622- mir2320805982221,ACH/NACH BOUNCED
.ach debit return charges 070722 070722- mir2322949282040,ACH/NACH BOUNCED
.ach debit return charges 070722 070722- mir2323256779627,ACH/NACH BOUNCED
.ach debit return charges 210822 210822- mir2326108044647,ACH/NACH BOUNCED
.ach debit return charges 310822 310822- mir2326717647060,ACH/NACH BOUNCED
.ach debit return charges 210822 210822- mir2327223478608,ACH/NACH BOUNCED
.ach debit return charges 050922 050922- mir2327533971305,ACH/NACH BOUNCED
.ach debit return charges 050922 050922- mir2327839007029,ACH/NACH BOUNCED
.ach debit return charges 020822 020822- mir2325387163507,ACH/NACH BOUNCED
.ach debit return charges 020822 020822- mir2327223388158,ACH/NACH BOUNCED
ach-rt-chg : cashfree payments in  ,ACH/NACH BOUNCED
.ach debit return charges 030922 030922- mir2327432445904,ACH/NACH BOUNCED
nach return charges for 12-aug-2022,ACH/NACH BOUNCED
nach return charges for 10-sep-2022,ACH/NACH BOUNCED
nach return charges for 16-sep-2022,ACH/NACH BOUNCED
nach return charges for 22-sep-2022,ACH/NACH BOUNCED
.ach debit return charges 210422 260422- mir2318257740720,ACH/NACH BOUNCED
.ach debit return charges 020722 020722- mir2322744515519,ACH/NACH BOUNCED
.ach debit return charges 020722 020722- mir2327224968673,ACH/NACH BOUNCED
.ach debit return charges 020922 020922- mir2327431206816,ACH/NACH BOUNCED
.ach debit return charges 090922 090922- mir2327736986202,ACH/NACH BOUNCED
.ach debit return charges 080922 080922- mir2327736267411,ACH/NACH BOUNCED
.ach debit return charges 020722 020722- mir2327838304583,ACH/NACH BOUNCED
.ach debit return charges 020822 020822- mir2327838151745,ACH/NACH BOUNCED
.ach debit return charges 020922 020922- mir2327838174263,ACH/NACH BOUNCED
.ach debit return charges 110922 110922- mir2327943374706,ACH/NACH BOUNCED
.ach debit return charges 140922 140922- mir2328045049676,ACH/NACH BOUNCED
.ach debit return charges 030622 030622- mir2320602982029,ACH/NACH BOUNCED
.ach debit return charges 050922 050922- mir2327533843939,ACH/NACH BOUNCED
.ach debit return charges 050922 050922- mir2327533806569,ACH/NACH BOUNCED
.ach debit return charges 300822 300822- mir2327225932481,ACH/NACH BOUNCED
.ach debit return charges 020722 020722- mir2322744630455,ACH/NACH BOUNCED
.ach debit return charges 020722 020722- mir2323664990121,ACH/NACH BOUNCED
.ach debit return charges 020822 020822- mir2325387278451,ACH/NACH BOUNCED
.ach debit return charges 020822 020822- mir2325900310933,ACH/NACH BOUNCED
.ach debit return charges 130922 130922- mir2328044602986,ACH/NACH BOUNCED
.ach debit return charges 050722 050722- mir2322847019402,ACH/NACH BOUNCED
.ach debit return charges 050722 050722- mir2325182682352,ACH/NACH BOUNCED
.ach debit return charges 070922 070922- mir2327635336841,ACH/NACH BOUNCED
.ach debit return charges 070922 070922- mir2327838162212,ACH/NACH BOUNCED
.ach debit return charges 260722 260722- mir2324168922439,ACH/NACH BOUNCED
.ach debit return charges 010822 010822- mir2325286054883,ACH/NACH BOUNCED
nach return charges for 18-sep-2022,ACH/NACH BOUNCED
nach return charges for 20-sep-2022,ACH/NACH BOUNCED
nach return charges for 21-sep-2022,ACH/NACH BOUNCED
nach return charges for 23-sep-2022,ACH/NACH BOUNCED
.ach debit return charges 020622 020622- mir2320502062088,ACH/NACH BOUNCED
.ach debit return charges 020622 020622- mir2320502098992,ACH/NACH BOUNCED
.ach debit return charges 020622 020622- mir2320502070047,ACH/NACH BOUNCED
.ach debit return charges 050622 050622- mir2320704162815,ACH/NACH BOUNCED
ach-rt-chg : navi finserv private  ,ACH/NACH BOUNCED
ach-rt-chg : unionmf20092022 cams  ,ACH/NACH BOUNCED
.ach debit return charges 050522 050522- mir2318255572365,ACH/NACH BOUNCED
nach_ad_rtn_chrg~of bnkbflo~03sep22~618c910~57832,ACH/NACH BOUNCED
nach_ad_rtn_chrg~of bnkbflo~03sep22~618c910~57832 0,ACH/NACH BOUNCED
.ach debit return charges 050522 050522- mir2319674741360,ACH/NACH BOUNCED
.ach debit return charges 050522 050522- mir2319673935120,ACH/NACH BOUNCED
.ach debit return charges 050522 050522- mir2319673935136,ACH/NACH BOUNCED
.ach debit return charges 050722 050722- mir2322846811785,ACH/NACH BOUNCED
.ach debit return charges 050822 050822- mir2325489464304,ACH/NACH BOUNCED
.ach debit return charges 120822 120822- mir2325694172418,ACH/NACH BOUNCED
.ach debit return charges 050822 050822- mir2325900811691,ACH/NACH BOUNCED
.ach debit return charges 100822 100822- mir2325901306950,ACH/NACH BOUNCED
.ach debit return charges 120822 120822- mir2325901204204,ACH/NACH BOUNCED
.ach debit return charges 310822 310822- mir2326717539967,ACH/NACH BOUNCED
.ach debit return charges 100822 100822- mir2327225126972,ACH/NACH BOUNCED
.ach debit return charges 050922 050922- mir2327533600354,ACH/NACH BOUNCED
.ach debit return charges 120922 120922- mir2327943713019,ACH/NACH BOUNCED
ach-rt-chg : tp ach megmasoft  ,ACH/NACH BOUNCED
ach-rt-chg : aditya birla fin ltd  ,ACH/NACH BOUNCED
ach-rt-chg : lic of india  ,ACH/NACH BOUNCED
.ach debit return charges 160822 160822- mir2325797005849,ACH/NACH BOUNCED
.ach debit return charges 030622 030622- mir2320602892280,ACH/NACH BOUNCED
.ach debit return charges 030622 030622- mir2321416708491,ACH/NACH BOUNCED
.ach debit return charges 270722 270722- mir2324269300008,ACH/NACH BOUNCED
.ach debit return charges 050822 050822- mir2325489250923,ACH/NACH BOUNCED
.ach debit return charges 010922 010922- mir2327329460153,ACH/NACH BOUNCED
.ach debit return charges 050822 050822- mir2325489554996,ACH/NACH BOUNCED
.ach debit return charges 050822 050822- mir2327223049351,ACH/NACH BOUNCED
ach-rt-chg : shuharitechventures  ,ACH/NACH BOUNCED
.ach debit return charges 020422 020422- mir2315291125052,ACH/NACH BOUNCED
.ach debit return charges 020522 020522- mir2317950893824,ACH/NACH BOUNCED
.ach debit return charges 050522 050522- mir2318255749101,ACH/NACH BOUNCED
.ach debit return charges 020622 020622- mir2320502411127,ACH/NACH BOUNCED
.ach debit return charges 050622 050622- mir2320704016467,ACH/NACH BOUNCED
.ach debit return charges 050722 050722- mir2322847162625,ACH/NACH BOUNCED
.ach debit return charges 110522 110522- mir2318561994409,ACH/NACH BOUNCED
.ach debit return charges 060622 060622- mir2320705150901,ACH/NACH BOUNCED
.ach debit return charges 210622 210622- mir2321522096188,ACH/NACH BOUNCED
.ach debit return charges 010722 010722- mir2322743346487,ACH/NACH BOUNCED
.ach debit return charges 070722 070722- mir2322948959312,ACH/NACH BOUNCED
.ach debit return charges 160722 160722- mir2323359249773,ACH/NACH BOUNCED
.ach debit return charges 210722 210722- mir2324066975020,ACH/NACH BOUNCED
.ach debit return charges 300722 300722- mir2324472391990,ACH/NACH BOUNCED
.ach debit return charges 040822 040822- mir2325388315947,ACH/NACH BOUNCED
.ach debit return charges 010822 010822- mir2325901430995,ACH/NACH BOUNCED
.ach debit return charges 040822 040822- mir2325900563651,ACH/NACH BOUNCED
.ach debit return charges 240822 240822- mir2326209942474,ACH/NACH BOUNCED
.ach debit return charges 050922 050922- mir2327533995410,ACH/NACH BOUNCED
.ach debit return charges 100922 100922- mir2327842535468,ACH/NACH BOUNCED
 ach-rt-chg : tp ach megmasoft    ,ACH/NACH BOUNCED
 ach-rt-chg : ctrazorpay    ,ACH/NACH BOUNCED
.ach debit return charges 090522 090522- mir2318460890255,ACH/NACH BOUNCED
.ach debit return charges 100722 100722- mir2323051746652,ACH/NACH BOUNCED
.ach debit return charges 150822 150822- mir2325795611077,ACH/NACH BOUNCED
ach rtn-410746061701-02-12-2021,ACH/NACH BOUNCED
.ach debit return charges 090622 090622- mir2320907933325,ACH/NACH BOUNCED
.ach debit return charges 110722 110722- mir2323052408826,ACH/NACH BOUNCED
.ach debit return charges 110722 110722- mir2323256485262,ACH/NACH BOUNCED
.ach debit return charges 090922 090922- mir2327838294514,ACH/NACH BOUNCED
.ach debit return charges 050922 050922- mir2327534033982,ACH/NACH BOUNCED
   ach rtn chrg lk0000012027   ,ACH/NACH BOUNCED
   ach rtn chrg lk0000021960   ,ACH/NACH BOUNCED
   ach rtn chrg lk0000011145   ,ACH/NACH BOUNCED
   ach rtn chrg lk0000011145od   ,ACH/NACH BOUNCED
 59   ach rtn chrg lk0000011145   ,ACH/NACH BOUNCED
   ach rtn chrg-4695670469   ,ACH/NACH BOUNCED
   ach rtn chrg 139597605   ,ACH/NACH BOUNCED
ach-rt-chg : tp ach icici bank  ,ACH/NACH BOUNCED
ach-rt-chg : tp ach icicibank rep  ,ACH/NACH BOUNCED
ach-rt-chg : hdfc bank limited  ,ACH/NACH BOUNCED
ach-rt-chg : tp ach home  ,ACH/NACH BOUNCED
.ach debit return charges 020922 020922- mir2327431368848,ACH/NACH BOUNCED
.ach debit return charges 020922 020922- mir2327431368840,ACH/NACH BOUNCED
.ach debit return charges 060922 060922- mir2327634512312,ACH/NACH BOUNCED
.ach debit return charges 080922 080922- mir2327736490891,ACH/NACH BOUNCED
.ach debit return charges 080922 080922- mir2327736419581,ACH/NACH BOUNCED
.ach debit return charges 050922 050922- mir2327837704852,ACH/NACH BOUNCED
.ach debit return charges 050922 050922- mir2327837704890,ACH/NACH BOUNCED
.ach debit return charges 050922 050922- mir2327837704837,ACH/NACH BOUNCED
.ach debit return charges 060922 060922- mir2327837787411,ACH/NACH BOUNCED
.ach debit return charges 080922 080922- mir2327837822968,ACH/NACH BOUNCED
.ach debit return charges 130922 130922- mir2328044602106,ACH/NACH BOUNCED
 ach-rt-chg : eqx analytics pvt lt    ,ACH/NACH BOUNCED
 ach-rt-chg : cashfree payments in    ,ACH/NACH BOUNCED
.ach debit return charges 060922 060922- mir2327634700898,ACH/NACH BOUNCED
.ach debit return charges 070922 070922- mir2327635642122,ACH/NACH BOUNCED
.ach debit return charges 050722 050722- mir2322846822484,ACH/NACH BOUNCED
.ach debit return charges 110722 110722- mir2323052193943,ACH/NACH BOUNCED
.ach debit return charges 010822 010822- mir2325286378391,ACH/NACH BOUNCED
.ach debit return charges 050822 050822- mir2325489607389,ACH/NACH BOUNCED
.ach debit return charges 110822 110822- mir2325692862057,ACH/NACH BOUNCED
.ach debit return charges 010822 010822- mir2325999661411,ACH/NACH BOUNCED
.ach debit return charges 010922 010922- mir2327329555997,ACH/NACH BOUNCED
.ach debit return charges 040922 040922- mir2327432990266,ACH/NACH BOUNCED
.ach debit return charges 090922 090922- mir2327736931088,ACH/NACH BOUNCED
.ach debit return charges 040922 040922- mir2327838360201,ACH/NACH BOUNCED
.ach debit return charges 050922 050922- mir2327839517990,ACH/NACH BOUNCED
.ach debit return charges 050922 050922- mir2327839132508,ACH/NACH BOUNCED
.ach debit return charges 090922 090922- mir2327838199834,ACH/NACH BOUNCED
.ach debit return charges 100722 100722- mir2323051795692,ACH/NACH BOUNCED
.ach debit return charges 050722 050722- mir2322847142968,ACH/NACH BOUNCED
.ach debit return charges 080722 080722- mir2323663988046,ACH/NACH BOUNCED
.ach debit return charges 080722 080722- mir2325182981711,ACH/NACH BOUNCED
.ach debit return charges 140722 140722- mir2325080422310,ACH/NACH BOUNCED
.ach debit return charges 080822 080822- mir2325590902551,ACH/NACH BOUNCED
.ach debit return charges 080822 080822- mir2325999254461,ACH/NACH BOUNCED
.ach debit return charges 140822 140822- mir2327224928308,ACH/NACH BOUNCED
.ach debit return charges 050722 050722- mir2322846757080,ACH/NACH BOUNCED
.ach debit return charges 050722 050722- mir2323256220638,ACH/NACH BOUNCED
.ach debit return charges 050722 050722- mir2323664839852,ACH/NACH BOUNCED
.ach debit return charges 050722 050722- mir2325080317956,ACH/NACH BOUNCED
.ach debit return charges 070922 070922- mir2327635496481,ACH/NACH BOUNCED
.ach debit return charges 120922 120922- mir2327943854082,ACH/NACH BOUNCED
.ach debit return charges 100922 100922- mir2327842522777,ACH/NACH BOUNCED
.ach debit return charges 140922 140922- mir2328045136687,ACH/NACH BOUNCED
.ach debit return charges 170922 170922- mir2328147206353,ACH/NACH BOUNCED
.ach debit return charges 030622 030622- mir2320602728715,ACH/NACH BOUNCED
.ach debit return charges 050622 050622- mir2320704233280,ACH/NACH BOUNCED
.ach debit return charges 060622 060622- mir2320705194617,ACH/NACH BOUNCED
.ach debit return charges 020822 020822- mir2325387433408,ACH/NACH BOUNCED
.ach debit return charges 100822 100822- mir2325592106674,ACH/NACH BOUNCED
.ach debit return charges 120822 120822- mir2325694130164,ACH/NACH BOUNCED
nach_ad_rtn_chrg~of bnkbflf~03aug22~ee3c5e0~71429 0,ACH/NACH BOUNCED
nach_ad_rtn_chrg~of bnkbflf~05aug22~856ebcb~71429 0,ACH/NACH BOUNCED
nach_ad_rtn_chrg~of bnkbflo~02aug22~182aea4~13102 0,ACH/NACH BOUNCED
nach_ad_rtn_chrg~of bnkbflf~03aug22~ee3c5e0~71429,ACH/NACH BOUNCED
nach_ad_rtn_chrg~of bnkbflf~02aug22~819a21f~71429,ACH/NACH BOUNCED
nach_ad_rtn_chrg~of bnkbflf~06aug22~f8949e7~71429,ACH/NACH BOUNCED
nach_ad_rtn_chrg~of bnkbflo~03aug22~788f45c~13102,ACH/NACH BOUNCED
nach_ad_rtn_chrg~of bnkbflo~02sep22~001fc0e~13102 0,ACH/NACH BOUNCED
nach_ad_rtn_chrg~of bnkbflf~02sep22~450c74c~71429 0,ACH/NACH BOUNCED
nach_ad_rtn_chrg~of bnkbflf~05sep22~0125434~71429 0,ACH/NACH BOUNCED
nach_ad_rtn_chrg~of bnkbflf~06sep22~71f8522~71429 0,ACH/NACH BOUNCED
ach-rt-chg : bd-birla mf otm  ,ACH/NACH BOUNCED
.ach debit return charges 080922 080922- mir2327736455098,ACH/NACH BOUNCED
.ach debit return charges 080922 080922- mir2327837859442,ACH/NACH BOUNCED
.ach debit return charges 140822 140822- mir2327838348077,ACH/NACH BOUNCED
nach_ad_rtn_chrg~adbldesk~12jul22~d45db05~bts_b004 0,ACH/NACH BOUNCED
nach_ad_rtn_chrg~adbldesk~12jul22~d45db05~bts_b004,ACH/NACH BOUNCED
.ach debit return charges 030622 030622- mir2320603057323,ACH/NACH BOUNCED
.ach debit return charges 020722 020722- mir2322744915705,ACH/NACH BOUNCED
.ach debit return charges 020722 020722- mir2323256602839,ACH/NACH BOUNCED
.ach debit return charges 160822 160822- mir2325796781783,ACH/NACH BOUNCED
ach-rt-chg : tp ach zedleafin  ,ACH/NACH BOUNCED
.ach debit return charges 060622 060622- mir2320705329758,ACH/NACH BOUNCED
.ach debit return charges 060622 060622- mir2322637603525,ACH/NACH BOUNCED
.ach debit return charges 050722 050722- mir2322846994077,ACH/NACH BOUNCED
.ach debit return charges 050722 050722- mir2323257193879,ACH/NACH BOUNCED
.ach debit return charges 010822 010822- mir2325286229076,ACH/NACH BOUNCED
.ach debit return charges 170622 170622- mir2321316227429,ACH/NACH BOUNCED
.ach debit return charges 170322 170322- mir2309513913519,ACH/NACH BOUNCED
.ach debit return charges 170322 170322- mir2311735704883,ACH/NACH BOUNCED
.ach debit return charges 270422 270422- mir2316919237189,ACH/NACH BOUNCED
.ach debit return charges 170522 170522- mir2318965532786,ACH/NACH BOUNCED
.ach debit return charges 060622 060622- mir2320705315405,ACH/NACH BOUNCED
.ach debit return charges 060622 060622- mir2321418268857,ACH/NACH BOUNCED
.ach debit return charges 050722 050722- mir2322847160813,ACH/NACH BOUNCED
.ach debit return charges 090722 090722- mir2323050395268,ACH/NACH BOUNCED
.ach debit return charges 270722 270722- mir2324269302058,ACH/NACH BOUNCED
.ach debit return charges 060822 060822- mir2325489885425,ACH/NACH BOUNCED
.ach debit return charges 290822 290822- mir2326412868199,ACH/NACH BOUNCED
.ach debit return charges 290822 290822- mir2327224296864,ACH/NACH BOUNCED
.ach debit return charges 050922 050922- mir2327533910790,ACH/NACH BOUNCED
.ach debit return charges 090922 090922- mir2327737014742,ACH/NACH BOUNCED
.ach debit return charges 050922 050922- mir2327839005645,ACH/NACH BOUNCED
.ach debit return charges 090922 090922- mir2327839025736,ACH/NACH BOUNCED
.ach debit return charges 170922 170922- mir2328147079533,ACH/NACH BOUNCED
.ach debit return charges 140822 140822- mir2325695204393,ACH/NACH BOUNCED
.ach debit return charges 250822 250822- mir2327225731515,ACH/NACH BOUNCED
.ach debit return charges 090522 090522- mir2318460527001,ACH/NACH BOUNCED
fazilka ach-rtn-chrg-4620423647,ACH/NACH BOUNCED
fazilka ach-rtn-chrg-5271317040,ACH/NACH BOUNCED
fazilka ach-rtn-chrg-5373362044,ACH/NACH BOUNCED
.ach debit return charges 070722 070722- mir2322949268558,ACH/NACH BOUNCED
.ach debit return charges 070722 070722- mir2323256177926,ACH/NACH BOUNCED
.ach debit return charges 080622 080622- mir2321417788618,ACH/NACH BOUNCED
.ach debit return charges 080722 080722- mir2322950012332,ACH/NACH BOUNCED
.ach debit return charges 080722 080722- mir2323664617656,ACH/NACH BOUNCED
.ach debit return charges 080822 080822- mir2325590717593,ACH/NACH BOUNCED
.ach debit return charges 080822 080822- mir2327224375352,ACH/NACH BOUNCED
.ach debit return charges 010822 010822- mir2325286272662,ACH/NACH BOUNCED
.ach debit return charges 020822 020822- mir2325387008587,ACH/NACH BOUNCED
.ach debit return charges 010822 010822- mir2325999497662,ACH/NACH BOUNCED
.ach debit return charges 020822 020822- mir2325999170751,ACH/NACH BOUNCED
.ach debit return charges 100822 100822- mir2325999452979,ACH/NACH BOUNCED
.ach debit return charges 010922 010922- mir2327329687703,ACH/NACH BOUNCED
.ach debit return charges 010922 010922- mir2327839114291,ACH/NACH BOUNCED
.ach debit return charges 110922 110922- mir2327943328847,ACH/NACH BOUNCED
.ach debit return charges 010922 010922- mir2328655503873,ACH/NACH BOUNCED
.ach debit return charges 020922 020922- mir2328655775894,ACH/NACH BOUNCED
.ach debit return charges 100922 100922- mir2328654472733,ACH/NACH BOUNCED
.ach debit return charges 110922 110922- mir2328655713139,ACH/NACH BOUNCED
.ach debit return charges 150822 150822- mir2325795888591,ACH/NACH BOUNCED
.ach debit return charges 150822 150822- mir2327223538725,ACH/NACH BOUNCED
.ach debit return charges 150922 150922- mir2328146500614,ACH/NACH BOUNCED
.ach debit return charges 020722 020722- mir2322744357339,ACH/NACH BOUNCED
.ach debit return charges 050522 050522- mir2318255528071,ACH/NACH BOUNCED
.ach debit return charges 050422 050422- mir2318256781590,ACH/NACH BOUNCED
.ach debit return charges 270522 270522- mir2319471977766,ACH/NACH BOUNCED
.ach debit return charges 020522 020522- mir2319674842635,ACH/NACH BOUNCED
.ach debit return charges 050422 050422- mir2319674055449,ACH/NACH BOUNCED
.ach debit return charges 100322 100322- mir2319675310119,ACH/NACH BOUNCED
.ach debit return charges 160522 160522- mir2322641695372,ACH/NACH BOUNCED
.ach debit return charges 070522 070522- mir2323256288597,ACH/NACH BOUNCED
.ach debit return charges 160522 160522- mir2323256258128,ACH/NACH BOUNCED
.ach debit return charges 060822 060822- mir2325489994213,ACH/NACH BOUNCED
.ach debit return charges 070522 070522- mir2325900704462,ACH/NACH BOUNCED
.ach debit return charges 100422 100422- mir2325900704501,ACH/NACH BOUNCED
.ach debit return charges 160422 160422- mir2325900704519,ACH/NACH BOUNCED
.ach debit return charges 020922 020922- mir2327431418169,ACH/NACH BOUNCED
ach-rtn-chrg-3293926156,ACH/NACH BOUNCED
ach-rtn-chrg-3959365886,ACH/NACH BOUNCED
ach-rtn-chrg-3959389202,ACH/NACH BOUNCED
ach-rtn-chrg-4620656912,ACH/NACH BOUNCED
ach-rtn-chrg-5239411586,ACH/NACH BOUNCED
nach_ad_rtn_chrg~of bnkbflo~04jul22~ab84ca1~19571,ACH/NACH BOUNCED
nach_ad_rtn_chrg~of bnkbflo~02jul22~1480a29~19571,ACH/NACH BOUNCED
.ach debit return charges 050522 050522- mir2318255695168,ACH/NACH BOUNCED
.ach debit return charges 050522 050522- mir2319674207890,ACH/NACH BOUNCED
.ach debit return charges 070522 070522- mir2319674733532,ACH/NACH BOUNCED
.ach debit return charges 050622 050622- mir2320704258891,ACH/NACH BOUNCED
.ach debit return charges 070622 070622- mir2320806358067,ACH/NACH BOUNCED
.ach debit return charges 050622 050622- mir2321418682491,ACH/NACH BOUNCED
.ach debit return charges 050722 050722- mir2322847357085,ACH/NACH BOUNCED
.ach debit return charges 050722 050722- mir2323257388006,ACH/NACH BOUNCED
.ach debit return charges 010822 010822- mir2325286479664,ACH/NACH BOUNCED
.ach debit return charges 010822 010822- mir2325900759492,ACH/NACH BOUNCED
.ach debit return charges 050922 050922- mir2327534146655,ACH/NACH BOUNCED
.ach debit return charges 050922 050922- mir2327839610575,ACH/NACH BOUNCED
.ach debit return charges 050922 050922- mir2328654308856,ACH/NACH BOUNCED
  s10975441 nach return charges for  ,ACH/NACH BOUNCED
  s25934734 ach dr ret chrg:lic of india:28-06-2019  ,ACH/NACH BOUNCED
  s902135 ach dr ret chrg:visageholdingsan      dfin:05-09-2018   ,ACH/NACH BOUNCED
.ach debit return charges 080622 080622- mir2320807012314,ACH/NACH BOUNCED
.ach debit return charges 240922 240922- mir2328450919114,ACH/NACH BOUNCED
.ach debit return charges 050722 050722- mir2322847196466,ACH/NACH BOUNCED
.ach debit return charges 050722 050722- mir2323256373324,ACH/NACH BOUNCED
.ach debit return charges 200722 200722- mir2323663577738,ACH/NACH BOUNCED
.ach debit return charges 200722 200722- mir2323664718007,ACH/NACH BOUNCED
.ach debit return charges 200722 200722- mir2325181475526,ACH/NACH BOUNCED
.ach debit return charges 120922 120922- mir2327943703592,ACH/NACH BOUNCED
.ach debit return charges 120922 120922- mir2328656117687,ACH/NACH BOUNCED
.ach debit return charges 100922 100922- mir2327842797042,ACH/NACH BOUNCED
.ach debit return charges 050922 050922- mir2328653964318,ACH/NACH BOUNCED
.ach debit return charges 110922 110922- mir2328654932846,ACH/NACH BOUNCED
.ach debit return charges 050622 050622- mir2320704486596,ACH/NACH BOUNCED
.ach debit return charges 050722 050722- mir2322847404390,ACH/NACH BOUNCED
.ach debit return charges 050722 050722- mir2323257301793,ACH/NACH BOUNCED
.ach debit return charges 050922 050922- mir2327533585493,ACH/NACH BOUNCED
ach-rtn-chrg-4788495236,ACH/NACH BOUNCED
ach-rtn-chrg-5278719776,ACH/NACH BOUNCED
ach-rtn-chrg-5376918776,ACH/NACH BOUNCED
.ach debit return charges 190922 190922- mir2328248146499,ACH/NACH BOUNCED
.ach debit return charges 190922 190922- mir2328655409459,ACH/NACH BOUNCED
.ach debit return charges 160822 160822- mir2325796795100,ACH/NACH BOUNCED
.ach debit return charges 050722 050722- mir2322846951476,ACH/NACH BOUNCED
.ach debit return charges 050722 050722- mir2323255874232,ACH/NACH BOUNCED
.ach debit return charges 050722 050722- mir2323664380056,ACH/NACH BOUNCED
.ach debit return charges 050822 050822- mir2325489374619,ACH/NACH BOUNCED
.ach debit return charges 050822 050822- mir2327223010654,ACH/NACH BOUNCED
.ach debit return charges 050822 050822- mir2327838389894,ACH/NACH BOUNCED
.ach debit return charges 110722 110722- mir2323052353633,ACH/NACH BOUNCED
.ach debit return charges 110722 110722- mir2323664319049,ACH/NACH BOUNCED
.ach debit return charges 100822 100822- mir2325592081660,ACH/NACH BOUNCED
.ach debit return charges 100822 100822- mir2325900924203,ACH/NACH BOUNCED
.ach debit return charges 100822 100822- mir2325901380977,ACH/NACH BOUNCED
.ach debit return charges 100822 100822- mir2325901406193,ACH/NACH BOUNCED
.ach debit return charges 120922 120922- mir2327943699885,ACH/NACH BOUNCED
.ach debit return charges 120922 120922- mir2327943729587,ACH/NACH BOUNCED
.ach debit return charges 120922 120922- mir2327943729608,ACH/NACH BOUNCED
.ach debit return charges 120922 120922- mir2327943699903,ACH/NACH BOUNCED
.ach debit return charges 010922 010922- mir2327329770568,ACH/NACH BOUNCED
.ach debit return charges 010922 010922- mir2327839253903,ACH/NACH BOUNCED
ach-rtn-chrg-9344288142,ACH/NACH BOUNCED
ach-rtn-chrg-2344704377,ACH/NACH BOUNCED
ach-rtn-chrg-3469623288,ACH/NACH BOUNCED
ach-rtn-chrg-3470442967,ACH/NACH BOUNCED
nach_ad_rtn_chrg~ingenot~01jul22~2d2dce4~resilient 0,ACH/NACH BOUNCED
.ach debit return charges 210922 210922- mir2328349170155,ACH/NACH BOUNCED
.ach debit return charges 210922 210922- mir2329173254352,ACH/NACH BOUNCED
.ach debit return charges 210922 210922- mir2329173254361,ACH/NACH BOUNCED
.ach debit return charges 210922 210922- mir2329173254372,ACH/NACH BOUNCED
.ach debit return charges 210922 210922- mir2329173254382,ACH/NACH BOUNCED
.ach debit return charges 050922 050922- mir2327534067807,ACH/NACH BOUNCED
.ach debit return charges 050922 050922- mir2328655463780,ACH/NACH BOUNCED
.ach debit return charges 090922 090922- mir2328655463800,ACH/NACH BOUNCED
.ach debit return charges 030922 030922- mir2327432451554,ACH/NACH BOUNCED
.ach debit return charges 070722 070722- mir2322949163159,ACH/NACH BOUNCED
ach-rt-chg : ibl finance  ,ACH/NACH BOUNCED
.ach debit return charges 250622 250622- mir2321724515222,ACH/NACH BOUNCED
.ach debit return charges 260722 260722- mir2324168786934,ACH/NACH BOUNCED
.ach debit return charges 060922 060922- mir2327634860243,ACH/NACH BOUNCED
.ach debit return charges 060922 060922- mir2327634860923,ACH/NACH BOUNCED
.ach debit return charges 070922 070922- mir2327635473125,ACH/NACH BOUNCED
.ach debit return charges 070922 070922- mir2327837702466,ACH/NACH BOUNCED
.ach debit return charges 120922 120922- mir2327943929805,ACH/NACH BOUNCED
.ach debit return charges 150922 150922- mir2328146348448,ACH/NACH BOUNCED
.ach debit return charges 220922 220922- mir2328349549932,ACH/NACH BOUNCED
.ach debit return charges 070922 070922- mir2328653836195,ACH/NACH BOUNCED
.ach debit return charges 070722 070722- mir2322948948801,ACH/NACH BOUNCED
.ach debit return charges 100722 100722- mir2323051943679,ACH/NACH BOUNCED
.ach debit return charges 070922 070922- mir2327635471048,ACH/NACH BOUNCED
.ach debit return charges 080922 080922- mir2327736315207,ACH/NACH BOUNCED
.ach debit return charges 100922 100922- mir2327842552795,ACH/NACH BOUNCED
.ach debit return charges 170922 170922- mir2328147324266,ACH/NACH BOUNCED
.ach debit return charges 170922 170922- mir2329174156118,ACH/NACH BOUNCED
.ach debit return charges 200622 200622- mir2321521483699,ACH/NACH BOUNCED
.ach debit return charges 160822 160822- mir2325796757575,ACH/NACH BOUNCED
.ach debit return charges 210822 210822- mir2326108070105,ACH/NACH BOUNCED
.ach debit return charges 210822 210822- mir2327224536987,ACH/NACH BOUNCED
.ach debit return charges 210822 210822- mir2327839750584,ACH/NACH BOUNCED
.ach debit return charges 030522 030522- mir2318052189534,ACH/NACH BOUNCED
.ach debit return charges 240722 240722- mir2324067965315,ACH/NACH BOUNCED
.ach debit return charges 240722 240722- mir2325181697283,ACH/NACH BOUNCED
.ach debit return charges 240722 240722- mir2325900884797,ACH/NACH BOUNCED
.ach debit return charges 230822 230822- mir2326208857005,ACH/NACH BOUNCED
.ach debit return charges 010822 010822- mir2325286020775,ACH/NACH BOUNCED
.ach debit return charges 010822 010822- mir2325900159066,ACH/NACH BOUNCED
.ach debit return charges 050722 050722- mir2322846735329,ACH/NACH BOUNCED
.ach debit return charges 080722 080722- mir2322949963252,ACH/NACH BOUNCED
.ach debit return charges 150722 150722- mir2323358486445,ACH/NACH BOUNCED
.ach debit return charges 150722 150722- mir2323664150264,ACH/NACH BOUNCED
.ach debit return charges 290622 290622- mir2321927506279,ACH/NACH BOUNCED
.ach debit return charges 070722 070722- mir2322949018834,ACH/NACH BOUNCED
.ach debit return charges 070722 070722- mir2323664492265,ACH/NACH BOUNCED
.ach debit return charges 250922 250922- mir2328451934179,ACH/NACH BOUNCED
.ach debit return charges 250922 250922- mir2328655719154,ACH/NACH BOUNCED
.ach debit return charges 280522 280522- mir2319572958034,ACH/NACH BOUNCED
.ach debit return charges 010322 010322- mir2311734332877,ACH/NACH BOUNCED
.ach debit return charges 010522 020522- mir2319674640785,ACH/NACH BOUNCED
nach_ad_rtn_chrg~of bnkbflf~05sep22~cb2daa8~579.51 0,ACH/NACH BOUNCED
nach_ad_rtn_chrg~of bnkbflf~03sep22~7c01812~5790c,ACH/NACH BOUNCED
nach_ad_rtn_chrg~of bnkbflf~04oct22~c6d6a33~5790c,ACH/NACH BOUNCED
nach_ad_rtn_chrg~of bnkbflf~03oct22~3ef1398~5790c,ACH/NACH BOUNCED
.ach debit return charges 020322 020322- mir2311734631040,ACH/NACH BOUNCED
.ach debit return charges 050322 050322- mir2311734631076,ACH/NACH BOUNCED
.ach debit return charges 100322 100322- mir2311734631093,ACH/NACH BOUNCED
.ach debit return charges 070422 070422- mir2315798628947,ACH/NACH BOUNCED
.ach debit return charges 060522 060522- mir2318359061723,ACH/NACH BOUNCED
.ach debit return charges 060522 060522- mir2319674418645,ACH/NACH BOUNCED
.ach debit return charges 070622 070622- mir2320806154048,ACH/NACH BOUNCED
.ach debit return charges 070622 070622- mir2321417264789,ACH/NACH BOUNCED
.ach debit return charges 050722 050722- mir2322847143042,ACH/NACH BOUNCED
.ach debit return charges 050722 050722- mir2323257232745,ACH/NACH BOUNCED
.ach debit return charges 310822 310822- mir2326717325986,ACH/NACH BOUNCED
.ach debit return charges 040622 040622- mir2320703506616,ACH/NACH BOUNCED
.ach debit return charges 050722 050722- mir2322846836056,ACH/NACH BOUNCED
.ach debit return charges 050922 050922- mir2327534092530,ACH/NACH BOUNCED
.ach debit return charges 050922 050922- mir2327839189111,ACH/NACH BOUNCED
.ach debit return charges 090922 090922- mir2327839163906,ACH/NACH BOUNCED
.ach debit return charges 150722 150722- mir2323358791177,ACH/NACH BOUNCED
.ach debit return charges 150722 150722- mir2323664573037,ACH/NACH BOUNCED
.ach debit return charges 100822 100822- mir2325591935043,ACH/NACH BOUNCED
.ach debit return charges 100822 100822- mir2325900885920,ACH/NACH BOUNCED
.ach debit return charges 070922 070922- mir2327635297358,ACH/NACH BOUNCED
.ach debit return charges 070922 070922- mir2327839181099,ACH/NACH BOUNCED
.ach debit return charges 120922 120922- mir2327943931486,ACH/NACH BOUNCED
.ach debit return charges 070922 070922- mir2328655396323,ACH/NACH BOUNCED
.ach debit return charges 120922 120922- mir2328656294466,ACH/NACH BOUNCED
.ach debit return charges 160722 160722- mir2323359138629,ACH/NACH BOUNCED
.ach debit return charges 050622 050622- mir2320704107817,ACH/NACH BOUNCED
.ach debit return charges 050622 050622- mir2321417849322,ACH/NACH BOUNCED
.ach debit return charges 050722 050722- mir2322847118061,ACH/NACH BOUNCED
.ach debit return charges 060922 060922- mir2327634806703,ACH/NACH BOUNCED
.ach debit return charges 060922 060922- mir2327837421348,ACH/NACH BOUNCED
.ach debit return charges 020522 020522- mir2317950689228,ACH/NACH BOUNCED
.ach debit return charges 050522 050522- mir2318256009415,ACH/NACH BOUNCED
.ach debit return charges 020522 020522- mir2318256793146,ACH/NACH BOUNCED
.ach debit return charges 050522 050522- mir2319674774789,ACH/NACH BOUNCED
.ach debit return charges 020622 020622- mir2320502122369,ACH/NACH BOUNCED
.ach debit return charges 050622 050622- mir2320704051297,ACH/NACH BOUNCED
.ach debit return charges 020622 020622- mir2321418095965,ACH/NACH BOUNCED
.ach debit return charges 050622 050622- mir2321418725760,ACH/NACH BOUNCED
.ach debit return charges 090622 090622- mir2321416969095,ACH/NACH BOUNCED
.ach debit return charges 020722 020722- mir2322744553860,ACH/NACH BOUNCED
.ach debit return charges 020722 020722- mir2323256333555,ACH/NACH BOUNCED
.ach debit return charges 010922 010922- mir2327329311526,ACH/NACH BOUNCED
nach_ad_rtn_chrg~iprumf~08aug22~548420d~bdipj1921r 0,ACH/NACH BOUNCED
nach_ad_rtn_chrg~iprumf~08aug22~548420d~bdipj1921r,ACH/NACH BOUNCED
ach-rt-chg : equitas small financ  ,ACH/NACH BOUNCED
.ach debit return charges 120722 120722- mir2323152650216,ACH/NACH BOUNCED
bangalore- devanahalli ach-rtn-chrg-5389091905,ACH/NACH BOUNCED
bangalore- devanahalli ach-rtn-chrg-5457465202,ACH/NACH BOUNCED
.ach debit return charges 031221 031221- cdt2133806860536,ACH/NACH BOUNCED
.ach debit return charges 030422 030422- cdt2215509363079,ACH/NACH BOUNCED
.ach debit return charges 090922 090922- mir2327737175759,ACH/NACH BOUNCED
nach_ad_rtn_chrg~ofbnkbflf~02aug22~eb8df6c~sme00,ACH/NACH BOUNCED
nach_ad_rtn_chrg~ofbnkbflf~02sep22~4b5b706~sme00,ACH/NACH BOUNCED
nach return charges for 01-dec-2021,ACH/NACH BOUNCED
nach_ad_rtn_chrg~ipruli~21feb22~ecc470e~91341402,ACH/NACH BOUNCED
nach_ad_rtn_chrg~ipruli~17feb22~dd24197~91341402,ACH/NACH BOUNCED
surat -guj depository chamber ach-rtn-chrg-2994417094,ACH/NACH BOUNCED
surat -guj depository chamber ach-rtn-chrg-4079828665,ACH/NACH BOUNCED
surat -guj depository chamber ach-rtn-chrg-4178204476,ACH/NACH BOUNCED
surat -guj depository chamber ach-rtn-chrg-4521396573,ACH/NACH BOUNCED
surat -guj depository chamber ach-rtn-chrg-3872305262,ACH/NACH BOUNCED
surat -guj depository chamber ach-rtn-chrg-4945918690,ACH/NACH BOUNCED
surat -guj depository chamber ach-rtn-chrg-5070346210,ACH/NACH BOUNCED
surat -guj depository chamber ach-rtn-chrg-5661378541,ACH/NACH BOUNCED
surat -guj depository chamber ach-rtn-chrg-5619043422,ACH/NACH BOUNCED
surat -guj depository chamber ach-rtn-chrg-5633617264,ACH/NACH BOUNCED
surat -guj depository chamber ach-rtn-chrg-6291830760,ACH/NACH BOUNCED
surat -guj depository chamber ach-rtn-chrg-6768503871,ACH/NACH BOUNCED
surat -guj depository chamber ach-rtn-chrg-6733539066,ACH/NACH BOUNCED
surat -guj depository chamber ach-rtn-chrg-6932736535,ACH/NACH BOUNCED
surat -guj depository chamber ach-rtn-chrg-6718688146,ACH/NACH BOUNCED
surat -guj depository chamber ach-rtn-chrg-6658992473,ACH/NACH BOUNCED
surat -guj depository chamber ach-rtn-chrg-7331664530,ACH/NACH BOUNCED
surat -guj depository chamber ach-rtn-chrg-7801778647,ACH/NACH BOUNCED
surat -guj depository chamber ach-rtn-chrg-8344618201,ACH/NACH BOUNCED
surat -guj depository chamber ach-rtn-chrg-8344626558,ACH/NACH BOUNCED
surat -guj depository chamber ach-rtn-chrg-8398368569,ACH/NACH BOUNCED
surat -guj depository chamber ach-rtn-chrg-8344626559,ACH/NACH BOUNCED
surat -guj depository chamber ach-rtn-chrg-8425236931,ACH/NACH BOUNCED
surat -guj depository chamber ach-rtn-chrg-8344633994,ACH/NACH BOUNCED
surat -guj depository chamber ach-rtn-chrg-8398358800,ACH/NACH BOUNCED
surat -guj depository chamber ach-rtn-chrg-8318583952,ACH/NACH BOUNCED
surat -guj depository chamber ach-rtn-chrg-8271134647,ACH/NACH BOUNCED
surat -guj depository chamber ach-rtn-chrg-8287859218,ACH/NACH BOUNCED
surat -guj depository chamber ach-rtn-chrg-8271143075,ACH/NACH BOUNCED
surat -guj depository chamber ach-rtn-chrg-8305576978,ACH/NACH BOUNCED
surat -guj depository chamber ach-rtn-chrg-8469945697,ACH/NACH BOUNCED
surat -guj depository chamber ach-rtn-chrg-8469937267,ACH/NACH BOUNCED
surat -guj depository chamber ach-rtn-chrg-8509169142,ACH/NACH BOUNCED
surat -guj depository chamber ach-rtn-chrg-8509177603,ACH/NACH BOUNCED
surat -guj depository chamber ach-rtn-chrg-8509177604,ACH/NACH BOUNCED
surat -guj depository chamber ach-rtn-chrg-8509179067,ACH/NACH BOUNCED
surat -guj depository chamber ach-rtn-chrg-9082039288,ACH/NACH BOUNCED
surat -guj depository chamber ach-rtn-chrg-9104602245,ACH/NACH BOUNCED
surat -guj depository chamber ach-rtn-chrg-9140546668,ACH/NACH BOUNCED
surat -guj depository chamber ach-rtn-chrg-9104602246,ACH/NACH BOUNCED
surat -guj depository chamber ach-rtn-chrg-9104593443,ACH/NACH BOUNCED
surat -guj depository chamber ach-rtn-chrg-9122341763,ACH/NACH BOUNCED
surat -guj depository chamber ach-rtn-chrg-8981726227,ACH/NACH BOUNCED
surat -guj depository chamber ach-rtn-chrg-8981717552,ACH/NACH BOUNCED
surat -guj depository chamber ach-rtn-chrg-8961075600,ACH/NACH BOUNCED
surat -guj depository chamber ach-rtn-chrg-8961075601,ACH/NACH BOUNCED
surat -guj depository chamber ach-rtn-chrg-8961075602,ACH/NACH BOUNCED
surat -guj depository chamber ach-rtn-chrg-8899238274,ACH/NACH BOUNCED
surat -guj depository chamber ach-rtn-chrg-8205022132,ACH/NACH BOUNCED
surat -guj depository chamber ach-rtn-chrg-8838327790,ACH/NACH BOUNCED
surat -guj depository chamber ach-rtn-chrg-8838337690,ACH/NACH BOUNCED
surat -guj depository chamber ach-rtn-chrg-8136032881,ACH/NACH BOUNCED
surat -guj depository chamber ach-rtn-chrg-8104894312,ACH/NACH BOUNCED
surat -guj depository chamber ach-rtn-chrg-8136042546,ACH/NACH BOUNCED
surat -guj depository chamber ach-rtn-chrg-8659452318,ACH/NACH BOUNCED
surat -guj depository chamber ach-rtn-chrg-8635302847,ACH/NACH BOUNCED
surat -guj depository chamber ach-rtn-chrg-8635302848,ACH/NACH BOUNCED
surat -guj depository chamber ach-rtn-chrg-8603904631,ACH/NACH BOUNCED
surat -guj depository chamber ach-rtn-chrg-8603903853,ACH/NACH BOUNCED
surat -guj depository chamber ach-rtn-chrg-8603903854,ACH/NACH BOUNCED
surat -guj depository chamber ach-rtn-chrg-95472562,ACH/NACH BOUNCED
ach-rtn-chrg-3360923308,ACH/NACH BOUNCED
ach-rtn-chrg-4067174263,ACH/NACH BOUNCED
ach-rtn-chrg-5473451600,ACH/NACH BOUNCED
ach-rtn-chrg-778171722,ACH/NACH BOUNCED
surat-kumbharia  road ach-rtn-chrg-3650641468,ACH/NACH BOUNCED
.ach debit return charges 020422 020422- mir2315291284834,ACH/NACH BOUNCED
.ach debit return charges 050422 050422- mir2315697117430,ACH/NACH BOUNCED
.ach debit return charges 130422 130422- mir2315902879412,ACH/NACH BOUNCED
.ach debit return charges 051122 051122- mir2332360300483,ACH/NACH BOUNCED
nach_ad_rtn_chrg~ingenot~11mar22~57095b8~tata moto,ACH/NACH BOUNCED
nach_ad_rtn_chrg~ingenot~02apr22~2ca79eb~tata moto,ACH/NACH BOUNCED
nach_ad_rtn_chrg~ingenot~11apr22~7a6d832~tata moto,ACH/NACH BOUNCED
nach_ad_rtn_chrg~ingenot~02may22~005b948~tata moto,ACH/NACH BOUNCED
nach_ad_rtn_chrg~tatamot~02jul22~90c4814~500290006,ACH/NACH BOUNCED
nach_ad_rtn_chrg~tatamot~02jul22~127a03a~500402819,ACH/NACH BOUNCED
nach_ad_rtn_chrg~tatamot~11jul22~7efbe3a~500369056,ACH/NACH BOUNCED
nach_ad_rtn_chrg~tatamot~05aug22~d01521f~500402819,ACH/NACH BOUNCED
nach_ad_rtn_chrg~tatamot~02aug22~10a7882~500402819,ACH/NACH BOUNCED
nach_ad_rtn_chrg~tatamot~11aug22~7fd0311~500369056,ACH/NACH BOUNCED
nach_ad_rtn_chrg~tatamot~17aug22~3d23d68~500369056,ACH/NACH BOUNCED
nach_ad_rtn_chrg~tatamot~12sep22~d184d33~500369056,ACH/NACH BOUNCED
nach_ad_rtn_chrg~tatamot~14sep22~ae2fd29~500369056,ACH/NACH BOUNCED
nach_ad_rtn_chrg~tatamot~06oct22~c0e5852~500290006,ACH/NACH BOUNCED
nach_ad_rtn_chrg~tatamot~06oct22~714ffd5~500402819,ACH/NACH BOUNCED
nach_ad_rtn_chrg~tatamot~03oct22~90c070a~500290006,ACH/NACH BOUNCED
nach_ad_rtn_chrg~tatamot~03oct22~2e19b6f~500402819,ACH/NACH BOUNCED
nach_ad_rtn_chrg~tatamot~14oct22~00a3346~500369056,ACH/NACH BOUNCED
nach_ad_rtn_chrg~tatamot~11oct22~af9e1d4~500369056,ACH/NACH BOUNCED
nach_ad_rtn_chrg~tatamot~05nov22~8d9a4f2~500402819,ACH/NACH BOUNCED
nach_ad_rtn_chrg~tatamot~02nov22~10b09a3~500402819,ACH/NACH BOUNCED
nach_ad_rtn_chrg~tatamot~14nov22~378ca6d~500369056,ACH/NACH BOUNCED
nach_ad_rtn_chrg~tatamot~11nov22~9385bd4~500369056,ACH/NACH BOUNCED
nach_ad_rtn_chrg~tatamot~05dec22~fde31ec~500290006,ACH/NACH BOUNCED
nach_ad_rtn_chrg~tatamot~05dec22~c8b3d58~500402819,ACH/NACH BOUNCED
nach_ad_rtn_chrg~tatamot~02dec22~7b7159a~500402819,ACH/NACH BOUNCED
nach_ad_rtn_chrg~tatamot~02dec22~0d00c3d~500290006,ACH/NACH BOUNCED
nach_ad_rtn_chrg~tatamot~14dec22~38022dd~500369056,ACH/NACH BOUNCED
nach_ad_rtn_chrg~tatamot~12dec22~22fc946~500369056,ACH/NACH BOUNCED
nach_ad_rtn_chrg~tatamot~05jan23~4b61170~500402819,ACH/NACH BOUNCED
nach_ad_rtn_chrg~tatamot~02jan23~f300070~500402819,ACH/NACH BOUNCED
nach_ad_rtn_chrg~tatamot~06feb23~7624534~500402819,ACH/NACH BOUNCED
nach_ad_rtn_chrg~tatamot~02feb23~15e6812~500402819,ACH/NACH BOUNCED
nach_ad_rtn_chrg~ofbnkbflf~02apr22~9644421~sme00,ACH/NACH BOUNCED
ach-rt-chg : tpcapfrst idfc first  ,ACH/NACH BOUNCED
ach-rt-chg : fulllertonindiacredi  ,ACH/NACH BOUNCED
.ach debit return charges 030620 030620- mir2016385022767,ACH/NACH BOUNCED
.ach debit return charges 030620 030620- mir2016791938333,ACH/NACH BOUNCED
.ach debit return charges 050920 050920- mir2025540495479,ACH/NACH BOUNCED
.ach debit return charges 050920 050920- mir2025846933808,ACH/NACH BOUNCED
.ach debit return charges 150422 150422- mir2316204697312,ACH/NACH BOUNCED
.ach debit return charges 130922 130922- cdt2228011565276 cdt2228011565276,ACH/NACH BOUNCED
nach return charges for neft iw sobhasaria,ACH/NACH BOUNCED
ach dr ret chrg:lic of india:28-06-2019 neft iw sejal,ACH/NACH BOUNCED
ach dr rtn chgdt10022017,ACH/NACH BOUNCED
ach dr rtn chgdt17022017,ACH/NACH BOUNCED
nach:rtn:chrg:06.05.2019,ACH/NACH BOUNCED
nach:rtn:chrg:09.05.2019,ACH/NACH BOUNCED
nach:rtn:chrg:04.06.2019,ACH/NACH BOUNCED
nach:rtn:chrg:05.08.2019,ACH/NACH BOUNCED
nach:rtn:chrg:05.09.2019,ACH/NACH BOUNCED
nach:rtn:chrg:05.10.2019,ACH/NACH BOUNCED
nach rtn charges 020419 chg 200+ gst 36,ACH/NACH BOUNCED
nach rtn charges 5092019 chg200 +gst 36,ACH/NACH BOUNCED
nach rtn chg 05.08.2019,ACH/NACH BOUNCED
nach rtn chg 15.10.2019,ACH/NACH BOUNCED
nach rtn chg 25.10.2019,ACH/NACH BOUNCED
nach rtn chg 12.11.2019,ACH/NACH BOUNCED
ach rtn chrgs05-12-2017,ACH/NACH BOUNCED
ach rtn chrgs05-03-2018,ACH/NACH BOUNCED
rev ach ret chgs 05.03.2018,ACH/NACH BOUNCED
ach-rt-chg : tp ach icici bank,ACH/NACH BOUNCED
ach-rt-chg : homecrindfinpvtltd,ACH/NACH BOUNCED
nach rtn chg: 05102021: bkid0000000009466128,ACH/NACH BOUNCED
.ach debit return charges 030222 030222- mir2205633317408,ACH/NACH BOUNCED
.ach debit return charges 030222 030222- mir2206442823031,ACH/NACH BOUNCED
charge_lien_revach-rt-chg : tp ach icicibank rep,ACH/NACH BOUNCED
charge_lien_revlien marking for nach inward_lien_rev,ACH/NACH BOUNCED
corporationach-rt-chg : tp ach icici bank,ACH/NACH BOUNCED
ach-rt-chg : tp ach icicibank rep,ACH/NACH BOUNCED
.ach debit return charges 051221 051221- mir2235091480707,ACH/NACH BOUNCED
nach_ad_rtn_chrg~ofbnkbflf~02apr22~5468d91~sme00,ACH/NACH BOUNCED
.ach debit return charges 021021 021021- mir2230692923656,ACH/NACH BOUNCED
.ach debit return charges 021021 021021- mir2230692903707,ACH/NACH BOUNCED
.ach debit return charges 041021 041021- mir2230692923665,ACH/NACH BOUNCED
.ach debit return charges 041021 041021- mir2230692923675,ACH/NACH BOUNCED
.ach debit return charges 081021 081021- mir2230692923685,ACH/NACH BOUNCED
.ach debit return charges 021121 021121- mir2232241701540,ACH/NACH BOUNCED
.ach debit return charges 021121 021121- mir2233561244781,ACH/NACH BOUNCED
.ach debit return charges 021121 021121- mir2233561244770,ACH/NACH BOUNCED
.ach debit return charges 031121 031121- mir2233561244793,ACH/NACH BOUNCED
.ach debit return charges 031121 031121- mir2233561244803,ACH/NACH BOUNCED
.ach debit return charges 051121 051121- mir2233561244813,ACH/NACH BOUNCED
.ach debit return charges 121121 121121- mir2233561254766,ACH/NACH BOUNCED
surat -guj depository chamber ach-rtn-chrg-,ACH/NACH BOUNCED
.ach debit return charges 210318 210318- mir1808426848147,ACH/NACH BOUNCED
.ach debit return charges 210218 210218- mir1808728689208,ACH/NACH BOUNCED
.ach debit return charges 210418 210418- mir1811880278619,ACH/NACH BOUNCED
.ach debit return charges 210418 210418- mir1812791133614,ACH/NACH BOUNCED
.ach debit return charges 210618 210618- mir1817472208530,ACH/NACH BOUNCED
.ach debit return charges 040618 040618- mir1817673103409,ACH/NACH BOUNCED
.ach debit return charges 140618 140618- mir1817673193296,ACH/NACH BOUNCED
.ach debit return charges 040618 040618- mir1817876132790,ACH/NACH BOUNCED
.ach debit return charges 230518 230518- mir1817876084097,ACH/NACH BOUNCED
.ach debit return charges 230518 230518- mir1817876084040,ACH/NACH BOUNCED
.ach debit return charges 230518 230518- mir1817876084070,ACH/NACH BOUNCED
.ach debit return charges 230518 230518- mir1817876084089,ACH/NACH BOUNCED
.ach debit return charges 280518 280518- mir1817876085536,ACH/NACH BOUNCED
.ach debit return charges 280518 280518- mir1817876085549,ACH/NACH BOUNCED
.ach debit return charges 290518 290518- mir1817876085344,ACH/NACH BOUNCED
.ach debit return charges 270618 270618- mir1818379455711,ACH/NACH BOUNCED
.ach debit return charges 120421 120421- mir2110794393306,ACH/NACH BOUNCED
.ach debit return charges 100619 100619- mir1916703697694,ACH/NACH BOUNCED
.ach debit return charges 150619 150619- mir1917111044080,ACH/NACH BOUNCED
debit ~  ~cms~1001744713~rtn chrg15092018_47310_ach hdfc ba,ACH/NACH BOUNCED